dgp,n_obs,k,n_rhs,iteration,setup_wall_s,solve_after_setup_wall_s,full_oneshot_wall_s,setup_share_of_full,reused_result_time_total_s,oneshot_result_time_total_s,max_iterations_reused,max_iterations_oneshot,max_residual_reused,max_residual_oneshot,all_converged_reused,all_converged_oneshot
simple,10000000,1,2,0,6.0782023329993535,1.5149454589991365,7.609599791998335,0.7987545336340447,1.464722084,7.5448225,8,8,6.8097002744882e-07,6.809700274097876e-07,True,True
simple,10000000,1,2,1,5.753950709000492,1.3482053330008057,7.72210774999985,0.7451269647202998,1.287276208,7.651696459,7,7,9.067844559837635e-07,9.067844559741628e-07,True,True
simple,10000000,1,2,2,5.763922291000199,1.5245553749991814,7.8123186670018185,0.7377991780271624,1.476819584,7.746325791,8,8,8.709036551459689e-07,8.709036552132044e-07,True,True
difficult,10000000,1,2,0,0.39627966599800857,1.008507082999131,1.355166792000091,0.29242132284922606,0.96385,1.299041917,20,20,5.862306558085495e-07,5.862308715509601e-07,True,True
difficult,10000000,1,2,1,0.3940752920025261,0.9975581250000687,1.3657855410019692,0.28853379990640704,0.957714959,1.314757709,20,20,6.884577456765298e-07,6.884577446180718e-07,True,True
difficult,10000000,1,2,2,0.39718870900105685,0.9857269590029318,1.330245000001014,0.2985831249136468,0.940343,1.2760203749999999,19,19,8.996538760088185e-07,8.996538176350683e-07,True,True
